tool,frame,n_pts,raw_flip,raw_jit,raw_symerr,pose_flip,pose_jit,pose_symerr,rt_flip,rt_jit,rt_symerr
hammer,0,1391,0,0.0,0.602,0,0.0,1.3,0,0.0,0.602
hammer,1,1391,0,0.64,0.623,0,0.171,1.4,0,0.64,0.623
hammer,2,1391,0,0.562,0.66,0,0.263,1.568,0,0.562,0.66
hammer,3,1391,0,0.653,0.61,0,0.36,1.714,0,0.653,0.61
hammer,4,1391,0,0.565,0.622,0,0.414,1.822,0,0.565,0.622
hammer,5,1391,0,0.628,0.605,0,0.467,1.898,0,0.628,0.605
hammer,6,1391,0,0.581,0.621,0,0.496,1.962,0,0.581,0.621
hammer,7,1391,0,0.566,0.619,0,0.511,2.026,0,0.566,0.619
hammer,8,1391,0,0.672,0.582,0,0.552,2.07,0,0.672,0.582
hammer,9,1391,0,0.565,0.627,0,0.555,2.094,0,0.565,0.627
hammer,10,1391,1,179.379,0.636,0,44.43,46.944,0,0.621,0.636
hammer,11,1391,0,0.593,0.644,0,33.173,80.715,0,0.593,0.644
hammer,12,1391,1,179.388,0.587,0,20.273,61.046,0,0.612,0.587
hammer,13,1391,1,179.367,0.62,0,29.638,88.717,0,0.633,0.62
hammer,14,1391,0,0.587,0.615,0,22.083,66.035,0,0.587,0.615
hammer,15,1391,0,0.585,0.619,0,16.417,49.018,0,0.585,0.619
hammer,16,1391,0,0.573,0.65,0,12.169,36.251,0,0.573,0.65
hammer,17,1391,0,0.68,0.626,0,8.957,26.694,0,0.68,0.626
hammer,18,1391,0,0.533,0.603,0,6.585,19.509,0,0.533,0.603
hammer,19,1391,0,0.59,0.599,0,4.793,14.117,0,0.59,0.599
hammer,20,1391,0,0.604,0.612,0,3.443,10.075,0,0.604,0.612
hammer,21,1391,0,0.64,0.603,0,2.419,7.056,0,0.64,0.603
hammer,22,1391,0,0.576,0.632,0,1.672,4.786,0,0.576,0.632
hammer,23,1391,0,0.558,0.637,0,1.118,3.076,0,0.558,0.637
hammer,24,1391,0,0.648,0.609,0,0.675,1.808,0,0.648,0.609
hammer,25,1391,0,0.636,0.599,0,0.347,0.868,0,0.636,0.599
hammer,26,1391,0,0.616,0.622,0,0.112,0.189,0,0.616,0.622
hammer,27,1391,0,0.585,0.596,0,0.065,0.404,0,0.585,0.596
hammer,28,1391,0,0.517,0.65,0,0.181,0.813,0,0.517,0.65
hammer,29,1391,0,0.624,0.627,0,0.29,1.122,0,0.624,0.627
hammer,30,1391,0,0.631,0.625,0,0.377,1.345,0,0.631,0.625
hammer,31,1391,0,0.586,0.631,0,0.434,1.519,0,0.586,0.631
hammer,32,1391,0,0.555,0.662,0,0.462,1.664,0,0.555,0.662
hammer,33,1391,0,0.613,0.619,0,0.496,1.766,0,0.613,0.619
hammer,34,1391,0,0.672,0.592,0,0.54,1.825,0,0.672,0.592
hammer,35,1391,0,0.572,0.583,0,0.548,1.876,0,0.572,0.583
hammer,36,1391,0,0.59,0.595,0,0.56,1.918,0,0.59,0.595
hammer,37,1391,0,0.603,0.599,0,0.579,1.953,0,0.603,0.599
hammer,38,1391,0,0.614,0.611,0,0.583,1.974,0,0.614,0.611
hammer,39,1391,0,0.582,0.591,0,0.581,1.991,0,0.582,0.591
hammer,40,1391,0,0.601,0.647,0,0.585,2.002,0,0.601,0.647
hammer,41,1391,0,0.613,0.639,0,0.591,2.008,0,0.613,0.639
hammer,42,1391,0,0.59,0.618,0,0.59,2.016,0,0.59,0.618
hammer,43,1391,0,0.562,0.628,0,0.584,2.032,0,0.562,0.628
hammer,44,1391,0,0.62,0.596,0,0.591,2.04,0,0.62,0.596
hammer,45,1391,0,0.617,0.586,0,0.599,2.041,0,0.617,0.586
hammer,46,1391,0,0.609,0.608,0,0.603,2.037,0,0.609,0.608
hammer,47,1391,0,0.555,0.643,0,0.59,2.048,0,0.555,0.643
hammer,48,1391,0,0.65,0.602,0,0.605,2.044,0,0.65,0.602
hammer,49,1391,0,0.589,0.588,0,0.605,2.042,0,0.589,0.588
hammer,50,1391,0,0.604,0.576,0,0.606,2.041,0,0.604,0.576
hammer,51,1391,0,0.603,0.569,0,0.604,2.039,0,0.603,0.569
hammer,52,1391,0,0.613,0.638,0,0.606,2.038,0,0.613,0.638
hammer,53,1391,0,0.568,0.64,0,0.595,2.045,0,0.568,0.64
hammer,54,1391,0,0.634,0.628,0,0.605,2.044,0,0.634,0.628
hammer,55,1391,0,0.582,0.653,0,0.595,2.048,0,0.582,0.653
hammer,56,1391,0,0.615,0.594,0,0.604,2.04,0,0.615,0.594
hammer,57,1391,0,0.602,0.626,0,0.602,2.035,0,0.602,0.626
hammer,58,1391,0,0.648,0.559,0,0.613,2.021,0,0.648,0.559
hammer,59,1391,0,0.549,0.612,0,0.595,2.026,0,0.549,0.612
hammer,60,1391,0,0.567,0.625,0,0.595,2.037,0,0.567,0.625
hammer,61,1391,0,0.677,0.601,0,0.613,2.027,0,0.677,0.601
hammer,62,1391,0,0.535,0.616,0,0.597,2.035,0,0.535,0.616
hammer,63,1391,0,0.635,0.604,0,0.605,2.029,0,0.635,0.604
hammer,64,1391,0,0.566,0.642,0,0.591,2.038,0,0.566,0.642
hammer,65,1391,0,0.601,0.607,0,0.596,2.047,0,0.601,0.607
hammer,66,1391,0,0.613,0.644,0,0.599,2.047,0,0.613,0.644
hammer,67,1391,0,0.599,0.64,0,0.602,2.044,0,0.599,0.64
hammer,68,1391,0,0.607,0.587,0,0.604,2.04,0,0.607,0.587
hammer,69,1391,0,0.591,0.639,0,0.604,2.036,0,0.591,0.639
hammer,70,1391,0,0.593,0.602,0,0.599,2.037,0,0.593,0.602
hammer,71,1391,0,0.615,0.614,0,0.6,2.038,0,0.615,0.614
hammer,72,1391,0,0.585,0.659,0,0.595,2.043,0,0.585,0.659
hammer,73,1391,0,0.614,0.626,0,0.602,2.041,0,0.614,0.626
hammer,74,1391,0,0.599,0.622,0,0.603,2.037,0,0.599,0.622
hammer,75,1391,0,0.598,0.601,0,0.606,2.034,0,0.598,0.601
hammer,76,1391,0,0.607,0.65,0,0.608,2.031,0,0.607,0.65
hammer,77,1391,0,0.596,0.645,0,0.604,2.027,0,0.596,0.645
hammer,78,1391,0,0.586,0.633,0,0.6,2.027,0,0.586,0.633
hammer,79,1391,0,0.621,0.592,0,0.606,2.024,0,0.621,0.592
hammer,80,1391,0,0.625,0.634,0,0.614,2.024,0,0.625,0.634
hammer,81,1391,0,0.625,0.609,0,0.611,2.017,0,0.625,0.609
hammer,82,1391,0,0.528,0.634,0,0.594,2.033,0,0.528,0.634
hammer,83,1391,0,0.587,0.618,0,0.591,2.048,0,0.587,0.618
hammer,84,1391,0,0.656,0.641,0,0.605,2.044,0,0.656,0.641
hammer,85,1391,0,0.591,0.628,0,0.604,2.047,0,0.591,0.628
hammer,86,1391,0,0.587,0.63,0,0.604,2.058,0,0.587,0.63
hammer,87,1391,0,0.596,0.605,0,0.599,2.063,0,0.596,0.605
hammer,88,1391,0,0.6,0.622,0,0.598,2.066,0,0.6,0.622
hammer,89,1391,0,0.634,0.572,0,0.607,2.054,0,0.634,0.572
hammer,90,1391,0,30.595,0.599,0,8.105,24.518,0,30.595,0.599
hammer,91,1391,0,0.547,0.645,0,6.217,18.902,0,0.547,0.645
hammer,92,1391,0,0.681,0.59,0,4.834,14.668,0,0.681,0.59
hammer,93,1391,0,0.541,0.63,0,3.759,11.51,0,0.541,0.63
hammer,94,1391,0,0.619,0.628,0,2.972,9.139,0,0.619,0.628
hammer,95,1391,0,0.628,0.629,0,2.388,7.355,0,0.628,0.629
hammer,96,1391,0,0.591,0.62,0,1.939,6.02,0,0.591,0.62
hammer,97,1391,0,0.541,0.637,0,1.591,5.035,0,0.541,0.637
hammer,98,1391,0,0.637,0.649,0,1.351,4.287,0,0.637,0.649
hammer,99,1391,0,0.62,0.624,0,1.169,3.724,0,0.62,0.624
hammer,100,1391,0,0.59,0.643,0,1.024,3.298,0,0.59,0.643
hammer,101,1391,0,0.581,0.603,0,0.913,2.987,0,0.581,0.603
hammer,102,1391,0,0.62,0.62,0,0.838,2.751,0,0.62,0.62
hammer,103,1391,0,0.593,0.595,0,0.777,2.574,0,0.593,0.595
hammer,104,1391,0,0.573,0.627,0,0.726,2.447,0,0.573,0.627
hammer,105,1391,0,0.623,0.617,0,0.701,2.343,0,0.623,0.617
hammer,106,1391,0,0.602,0.614,0,0.676,2.264,0,0.602,0.614
hammer,107,1391,0,0.564,0.61,0,0.649,2.213,0,0.564,0.61
hammer,108,1391,0,0.58,0.655,0,0.632,2.18,0,0.58,0.655
hammer,109,1391,0,0.705,0.625,0,0.651,2.128,0,0.705,0.625
hammer,110,1391,0,0.548,0.615,0,0.626,2.101,0,0.548,0.615
hammer,111,1391,0,0.611,0.593,0,0.622,2.079,0,0.611,0.593
hammer,112,1391,0,0.571,0.638,0,0.609,2.07,0,0.571,0.638
hammer,113,1391,0,0.652,0.618,0,0.617,2.052,0,0.652,0.618
hammer,114,1391,0,0.576,0.619,0,0.606,2.046,0,0.576,0.619
hammer,115,1391,0,0.636,0.602,0,0.616,2.031,0,0.636,0.602
hammer,116,1391,0,0.595,0.648,0,0.611,2.021,0,0.595,0.648
hammer,117,1391,0,0.582,0.651,0,0.606,2.023,0,0.582,0.651
hammer,118,1391,0,0.591,0.632,0,0.6,2.028,0,0.591,0.632
hammer,119,1391,0,0.59,0.626,0,0.596,2.037,0,0.59,0.626
hammer,120,1391,0,0.638,0.578,0,0.607,2.034,0,0.638,0.578
hammer,121,1391,0,0.586,0.611,0,0.606,2.035,0,0.586,0.611
hammer,122,1391,0,0.595,0.606,0,0.604,2.039,0,0.595,0.606
hammer,123,1391,0,0.588,0.635,0,0.603,2.051,0,0.588,0.635
hammer,124,1391,0,0.593,0.599,0,0.596,2.058,0,0.593,0.599
hammer,125,1391,0,0.607,0.605,0,0.596,2.058,0,0.607,0.605
hammer,126,1391,0,0.619,0.625,0,0.603,2.053,0,0.619,0.625
hammer,127,1391,0,0.603,0.637,0,0.607,2.039,0,0.603,0.637
hammer,128,1391,0,0.588,0.615,0,0.602,2.033,0,0.588,0.615
hammer,129,1391,0,0.6,0.629,0,0.597,2.034,0,0.6,0.629
hammer,130,1391,0,0.595,0.602,0,0.6,2.034,0,0.595,0.602
hammer,131,1391,0,0.632,0.627,0,0.608,2.027,0,0.632,0.627
hammer,132,1391,0,0.604,0.595,0,0.608,2.019,0,0.604,0.595
hammer,133,1391,0,0.568,0.576,0,0.597,2.022,0,0.568,0.576
hammer,134,1391,0,0.631,0.609,0,0.602,2.023,0,0.631,0.609
hammer,135,1391,0,0.569,0.621,0,0.595,2.028,0,0.569,0.621
hammer,136,1391,0,0.592,0.64,0,0.593,2.035,0,0.592,0.64
hammer,137,1391,0,0.614,0.58,0,0.599,2.036,0,0.614,0.58
hammer,138,1391,0,0.642,0.636,0,0.605,2.03,0,0.642,0.636
hammer,139,1391,0,0.515,0.673,0,0.587,2.044,0,0.515,0.673
hammer,140,1391,0,0.659,0.622,0,0.605,2.039,0,0.659,0.622
hammer,141,1391,0,0.58,0.676,0,0.599,2.041,0,0.58,0.676
hammer,142,1391,0,0.598,0.63,0,0.598,2.043,0,0.598,0.63
hammer,143,1391,0,0.599,0.616,0,0.597,2.046,0,0.599,0.616
hammer,144,1391,0,0.638,0.628,0,0.608,2.037,0,0.638,0.628
hammer,145,1391,0,0.583,0.613,0,0.603,2.034,0,0.583,0.613
hammer,146,1391,0,0.601,0.586,0,0.601,2.033,0,0.601,0.586
hammer,147,1391,0,0.577,0.611,0,0.602,2.036,0,0.577,0.611
hammer,148,1391,0,0.629,0.577,0,0.603,2.033,0,0.629,0.577
hammer,149,1391,0,0.571,0.635,0,0.593,2.04,0,0.571,0.635
hammer,150,1391,0,0.598,0.639,0,0.6,2.045,0,0.598,0.639
hammer,151,1391,0,0.608,0.646,0,0.603,2.048,0,0.608,0.646
hammer,152,1391,0,0.593,0.664,0,0.6,2.053,0,0.593,0.664
hammer,153,1391,0,0.597,0.667,0,0.596,2.056,0,0.597,0.667
hammer,154,1391,0,0.668,0.622,0,0.616,2.038,0,0.668,0.622
hammer,155,1391,0,0.562,0.61,0,0.608,2.03,0,0.562,0.61
hammer,156,1391,0,0.565,0.609,0,0.594,2.036,0,0.565,0.609
hammer,157,1391,0,0.616,0.641,0,0.601,2.035,0,0.616,0.641
hammer,158,1391,0,0.61,0.626,0,0.601,2.034,0,0.61,0.626
hammer,159,1391,0,0.568,0.624,0,0.592,2.042,0,0.568,0.624
hammer,160,1391,0,0.6,0.643,0,0.595,2.047,0,0.6,0.643
hammer,161,1391,0,0.598,0.636,0,0.596,2.054,0,0.598,0.636
hammer,162,1391,0,0.645,0.659,0,0.609,2.045,0,0.645,0.659
hammer,163,1391,0,0.626,0.626,0,0.608,2.036,0,0.626,0.626
hammer,164,1391,0,0.556,0.585,0,0.598,2.041,0,0.556,0.585
hammer,165,1391,0,0.624,0.631,0,0.603,2.041,0,0.624,0.631
hammer,166,1391,0,0.601,0.621,0,0.602,2.039,0,0.601,0.621
hammer,167,1391,0,0.65,0.6,0,0.618,2.023,0,0.65,0.6
hammer,168,1391,0,0.523,0.602,0,0.592,2.032,0,0.523,0.602
hammer,169,1391,0,0.599,0.599,0,0.594,2.04,0,0.599,0.599
hammer,170,1391,0,0.606,0.607,0,0.598,2.043,0,0.606,0.607
hammer,171,1391,0,0.612,0.64,0,0.602,2.042,0,0.612,0.64
hammer,172,1391,0,0.613,0.619,0,0.604,2.039,0,0.613,0.619
hammer,173,1391,0,0.56,0.667,0,0.594,2.045,0,0.56,0.667
hammer,174,1391,0,0.635,0.624,0,0.605,2.041,0,0.635,0.624
hammer,175,1391,0,0.589,0.604,0,0.602,2.039,0,0.589,0.604
hammer,176,1391,0,0.597,0.653,0,0.6,2.04,0,0.597,0.653
hammer,177,1391,0,0.611,0.609,0,0.603,2.04,0,0.611,0.609
hammer,178,1391,0,0.607,0.62,0,0.604,2.039,0,0.607,0.62
hammer,179,1391,0,0.594,0.623,0,0.6,2.043,0,0.594,0.623
hammer,180,1391,0,0.625,0.634,0,0.605,2.038,0,0.625,0.634
hammer,181,1391,0,0.58,0.676,0,0.597,2.04,0,0.58,0.676
hammer,182,1391,0,0.636,0.606,0,0.606,2.033,0,0.636,0.606
hammer,183,1391,0,0.588,0.586,0,0.604,2.032,0,0.588,0.586
hammer,184,1391,0,0.586,0.631,0,0.602,2.037,0,0.586,0.631
hammer,185,1391,0,0.619,0.622,0,0.606,2.038,0,0.619,0.622
hammer,186,1391,0,0.615,0.599,0,0.607,2.027,0,0.615,0.599
hammer,187,1391,0,0.57,0.629,0,0.598,2.026,0,0.57,0.629
hammer,188,1391,0,0.633,0.539,0,0.607,2.017,0,0.633,0.539
hammer,189,1391,0,0.533,0.624,0,0.584,2.034,0,0.533,0.624
hammer,190,1391,0,0.67,0.605,0,0.609,2.029,0,0.67,0.605
hammer,191,1391,0,0.594,0.599,0,0.606,2.026,0,0.594,0.599
hammer,192,1391,0,0.568,0.615,0,0.597,2.029,0,0.568,0.615
hammer,193,1391,0,0.561,0.636,0,0.589,2.041,0,0.561,0.636
hammer,194,1391,0,0.601,0.644,0,0.593,2.045,0,0.601,0.644
hammer,195,1391,0,0.643,0.64,0,0.608,2.038,0,0.643,0.64
hammer,196,1391,0,0.587,0.62,0,0.607,2.033,0,0.587,0.62
hammer,197,1391,0,0.625,0.614,0,0.608,2.025,0,0.625,0.614
hammer,198,1391,0,0.556,0.646,0,0.593,2.031,0,0.556,0.646
hammer,199,1391,0,0.622,0.615,0,0.601,2.031,0,0.622,0.615
power_drill,0,1343,0,0.0,1.509,0,0.0,10.891,0,0.0,1.509
power_drill,1,1343,0,0.151,1.617,0,0.083,11.065,0,0.151,1.617
power_drill,2,1343,0,0.202,1.489,0,0.202,10.997,0,0.202,1.489
power_drill,3,1343,0,0.051,1.507,0,0.607,10.509,0,0.051,1.507
power_drill,4,1343,0,0.125,1.411,0,0.475,10.145,0,0.125,1.411
power_drill,5,1343,0,0.333,1.637,0,0.469,9.826,0,0.333,1.637
power_drill,6,1343,0,0.204,1.411,0,0.365,9.585,0,0.204,1.411
power_drill,7,1343,0,0.139,1.427,0,0.521,9.192,0,0.139,1.427
power_drill,8,1343,0,0.275,1.367,0,0.596,8.715,0,0.275,1.367
power_drill,9,1343,0,0.147,1.476,0,0.596,8.251,0,0.147,1.476
power_drill,10,1343,0,0.139,1.456,0,0.622,7.755,0,0.139,1.456
power_drill,11,1343,0,0.092,1.493,0,0.452,7.45,0,0.092,1.493
power_drill,12,1343,0,0.228,1.562,0,0.309,7.293,0,0.228,1.562
power_drill,13,1343,0,0.133,1.494,0,0.439,6.988,0,0.133,1.494
power_drill,14,1343,0,0.05,1.512,0,0.307,6.816,0,0.05,1.512
power_drill,15,1343,0,0.139,1.518,0,0.334,6.616,0,0.139,1.518
power_drill,16,1343,0,0.193,1.534,0,0.204,6.57,0,0.193,1.534
power_drill,17,1343,0,0.158,1.392,0,0.079,6.656,0,0.158,1.392
power_drill,18,1343,0,0.059,1.378,0,0.219,6.565,0,0.059,1.378
power_drill,19,1343,0,0.24,1.49,0,0.083,6.73,0,0.24,1.49
power_drill,20,1343,0,0.2,1.653,0,0.138,6.798,0,0.2,1.653
power_drill,21,1343,0,0.238,1.46,0,0.266,7.163,0,0.238,1.46
power_drill,22,1343,0,0.371,1.797,0,0.142,7.331,0,0.371,1.797
power_drill,23,1343,0,0.389,1.447,0,0.144,7.296,0,0.389,1.447
power_drill,24,1343,0,0.153,1.29,0,0.017,7.38,0,0.153,1.29
power_drill,25,1343,0,0.24,1.485,0,0.136,7.374,0,0.24,1.485
power_drill,26,1343,0,0.102,1.467,0,1.703,9.165,0,0.102,1.467
power_drill,27,1343,0,0.273,1.652,0,0.579,9.839,0,0.273,1.652
power_drill,28,1343,0,0.179,1.447,0,0.097,9.935,0,0.179,1.447
power_drill,29,1343,0,0.304,1.662,0,0.361,9.755,0,0.304,1.662
power_drill,30,1343,0,0.17,1.553,0,0.437,9.465,0,0.17,1.553
power_drill,31,1343,0,0.085,1.499,0,0.41,9.21,0,0.085,1.499
power_drill,32,1343,0,0.126,1.5,0,0.33,9.018,0,0.126,1.5
power_drill,33,1343,0,0.091,1.497,0,0.359,8.805,0,0.091,1.497
power_drill,34,1343,0,0.062,1.451,0,0.37,8.564,0,0.062,1.451
power_drill,35,1343,0,0.198,1.431,0,0.463,8.216,0,0.198,1.431
power_drill,36,1343,0,0.258,1.604,0,0.168,8.227,0,0.258,1.604
power_drill,37,1343,0,0.198,1.435,0,0.295,8.046,0,0.198,1.435
power_drill,38,1343,0,0.117,1.5,0,0.605,7.568,0,0.117,1.5
power_drill,39,1343,0,0.189,1.447,0,0.53,7.17,0,0.189,1.447
power_drill,40,1343,0,0.272,1.682,0,0.447,6.871,0,0.272,1.682
power_drill,41,1343,0,0.163,1.498,0,0.378,6.625,0,0.163,1.498
power_drill,42,1343,0,0.197,1.466,0,0.102,6.816,0,0.197,1.466
power_drill,43,1343,0,0.036,1.438,0,0.271,7.187,0,0.036,1.438
power_drill,44,1343,0,0.293,1.611,0,0.258,7.539,0,0.293,1.611
power_drill,45,1343,0,0.132,1.494,0,0.126,7.748,0,0.132,1.494
power_drill,46,1343,0,0.129,1.475,0,0.086,7.842,0,0.129,1.475
power_drill,47,1343,0,0.053,1.501,0,0.364,7.608,0,0.053,1.501
power_drill,48,1343,0,0.177,1.488,0,0.377,7.351,0,0.177,1.488
power_drill,49,1343,0,0.252,1.473,0,0.164,7.327,0,0.252,1.473
power_drill,50,1343,0,0.09,1.417,0,0.2,7.252,0,0.09,1.417
power_drill,51,1343,0,0.214,1.595,0,0.185,7.254,0,0.214,1.595
power_drill,52,1343,0,0.063,1.555,0,0.438,6.96,0,0.063,1.555
power_drill,53,1343,0,0.225,1.515,0,0.429,6.672,0,0.225,1.515
power_drill,54,1343,0,0.115,1.478,0,0.135,6.888,0,0.115,1.478
power_drill,55,1343,0,0.068,1.448,0,0.056,7.002,0,0.068,1.448
power_drill,56,1343,0,0.156,1.452,0,0.113,7.014,0,0.156,1.452
power_drill,57,1343,0,0.1,1.451,0,0.102,7.187,0,0.1,1.451
power_drill,58,1343,0,0.176,1.525,0,0.283,7.559,0,0.176,1.525
power_drill,59,1343,0,0.125,1.558,0,0.168,7.597,0,0.125,1.558
power_drill,60,1343,0,0.127,1.511,0,0.27,7.454,0,0.127,1.511
power_drill,61,1343,0,0.062,1.505,0,0.292,7.286,0,0.062,1.505
power_drill,62,1343,0,0.176,1.492,0,0.288,7.128,0,0.176,1.492
power_drill,63,1343,0,0.075,1.427,0,0.246,7.007,0,0.075,1.427
power_drill,64,1343,0,0.21,1.488,0,0.167,6.982,0,0.21,1.488
power_drill,65,1343,0,0.232,1.634,0,0.251,7.312,0,0.232,1.634
power_drill,66,1343,0,0.042,1.565,0,0.176,7.572,0,0.042,1.565
power_drill,67,1343,0,0.193,1.508,0,0.12,7.757,0,0.193,1.508
power_drill,68,1343,0,0.066,1.543,0,0.282,8.129,0,0.066,1.543
power_drill,69,1343,0,0.206,1.52,0,0.406,8.635,0,0.206,1.52
power_drill,70,1343,0,0.13,1.582,0,0.16,8.862,0,0.13,1.582
power_drill,71,1343,0,0.141,1.539,0,1.955,10.911,0,0.141,1.539
power_drill,72,1343,0,0.093,1.458,0,0.774,11.787,0,0.093,1.458
power_drill,73,1343,0,0.237,1.635,0,0.681,12.567,0,0.237,1.635
power_drill,74,1343,0,0.193,1.449,0,0.252,12.451,0,0.193,1.449
power_drill,75,1343,0,0.115,1.479,0,0.335,12.273,0,0.115,1.479
power_drill,76,1343,0,0.172,1.453,0,0.603,11.827,0,0.172,1.453
power_drill,77,1343,0,0.08,1.417,0,0.524,11.465,0,0.08,1.417
power_drill,78,1343,0,0.271,1.58,0,0.62,11.01,0,0.271,1.58
power_drill,79,1343,0,0.141,1.611,0,0.499,10.7,0,0.141,1.611
power_drill,80,1343,0,0.173,1.529,0,0.677,10.167,0,0.173,1.529
power_drill,81,1343,0,0.152,1.416,0,0.571,9.742,0,0.152,1.416
power_drill,82,1343,0,0.149,1.518,0,0.511,9.389,0,0.149,1.518
power_drill,83,1343,0,0.062,1.547,0,0.536,9.016,0,0.062,1.547
power_drill,84,1343,0,0.18,1.632,0,0.723,8.431,0,0.18,1.632
power_drill,85,1343,0,0.199,1.422,0,0.302,8.242,0,0.199,1.422
power_drill,86,1343,0,0.34,1.631,0,0.169,8.251,0,0.34,1.631
power_drill,87,1343,0,0.131,1.51,0,0.062,8.373,0,0.131,1.51
power_drill,88,1343,0,0.11,1.542,0,0.323,8.171,0,0.11,1.542
power_drill,89,1343,0,0.182,1.588,0,0.109,8.197,0,0.182,1.588
power_drill,90,1343,0,6.041,1.433,0,0.472,13.177,0,6.041,1.433
power_drill,91,1343,0,0.073,1.465,0,0.708,12.83,0,0.073,1.465
power_drill,92,1343,0,0.165,1.497,0,0.928,12.348,0,0.165,1.497
power_drill,93,1343,0,0.233,1.443,0,1.067,11.677,0,0.233,1.443
power_drill,94,1343,0,0.185,1.58,0,1.087,10.949,0,0.185,1.58
power_drill,95,1343,0,0.174,1.654,0,0.856,10.511,0,0.174,1.654
power_drill,96,1343,0,0.213,1.422,0,0.799,10.039,0,0.213,1.422
power_drill,97,1343,0,0.186,1.532,0,0.646,9.798,0,0.186,1.532
power_drill,98,1343,0,0.176,1.449,0,0.539,9.603,0,0.176,1.449
power_drill,99,1343,0,0.162,1.574,0,0.59,9.292,0,0.162,1.574
power_drill,100,1343,0,0.218,1.485,0,0.349,9.321,0,0.218,1.485
power_drill,101,1343,0,0.086,1.435,0,0.376,9.202,0,0.086,1.435
power_drill,102,1343,0,0.131,1.509,0,1.515,10.813,0,0.131,1.509
power_drill,103,1343,0,0.195,1.631,0,0.263,10.97,0,0.195,1.631
power_drill,104,1343,0,0.202,1.525,0,0.418,10.817,0,0.202,1.525
power_drill,105,1343,0,0.127,1.553,0,0.701,10.283,0,0.127,1.553
power_drill,106,1343,0,0.064,1.549,0,1.939,12.319,0,0.064,1.549
power_drill,107,1343,0,0.095,1.55,0,0.517,12.885,0,0.095,1.55
power_drill,108,1343,0,0.125,1.592,0,0.298,13.162,0,0.125,1.592
power_drill,109,1343,0,0.144,1.472,0,0.258,13.471,0,0.144,1.472
power_drill,110,1343,0,0.262,1.476,0,0.116,13.583,0,0.262,1.476
power_drill,111,1343,0,0.133,1.565,0,0.673,13.046,0,0.133,1.565
power_drill,112,1343,0,0.267,1.486,0,0.612,12.576,0,0.267,1.486
power_drill,113,1343,0,0.156,1.48,0,0.98,11.719,0,0.156,1.48
power_drill,114,1343,0,0.155,1.558,0,0.821,11.027,0,0.155,1.558
power_drill,115,1343,0,0.049,1.551,0,1.053,10.108,0,0.049,1.551
power_drill,116,1343,0,0.14,1.471,0,0.735,9.494,0,0.14,1.471
power_drill,117,1343,0,0.184,1.436,0,0.855,8.76,0,0.184,1.436
power_drill,118,1343,0,0.16,1.567,0,0.81,8.082,0,0.16,1.567
power_drill,119,1343,0,0.158,1.631,0,0.975,7.247,0,0.158,1.631
power_drill,120,1343,0,0.14,1.525,0,0.332,7.047,0,0.14,1.525
power_drill,121,1343,0,0.266,1.351,0,0.334,6.825,0,0.266,1.351
power_drill,122,1343,0,0.196,1.462,0,0.28,6.666,0,0.196,1.462
power_drill,123,1343,0,0.182,1.588,0,0.434,6.367,0,0.182,1.588
power_drill,124,1343,0,0.079,1.588,0,0.341,6.158,0,0.079,1.588
power_drill,125,1343,0,0.202,1.624,0,0.374,5.917,0,0.202,1.624
power_drill,126,1343,0,0.161,1.433,0,0.393,5.644,0,0.161,1.433
power_drill,127,1343,0,0.144,1.394,0,0.252,5.515,0,0.144,1.394
power_drill,128,1343,0,0.109,1.357,0,0.11,5.533,0,0.109,1.357
power_drill,129,1343,0,0.26,1.481,0,0.358,5.318,0,0.26,1.481
power_drill,130,1343,0,0.135,1.585,0,0.456,5.014,0,0.135,1.585
power_drill,131,1343,0,0.136,1.596,0,0.436,4.732,0,0.136,1.596
power_drill,132,1343,0,0.224,1.446,0,0.161,4.987,0,0.224,1.446
power_drill,133,1343,0,0.091,1.426,0,0.08,5.137,0,0.091,1.426
power_drill,134,1343,0,0.154,1.447,0,0.482,5.717,0,0.154,1.447
power_drill,135,1343,0,0.136,1.389,0,0.128,5.942,0,0.136,1.389
power_drill,136,1343,0,0.114,1.427,0,0.064,6.072,0,0.114,1.427
power_drill,137,1343,0,0.185,1.542,0,0.257,5.952,0,0.185,1.542
power_drill,138,1343,0,0.19,1.531,0,1.263,7.299,0,0.19,1.531
power_drill,139,1343,0,0.189,1.689,0,0.538,7.933,0,0.189,1.689
power_drill,140,1343,0,0.247,1.568,0,0.354,8.367,0,0.247,1.568
power_drill,141,1343,0,0.088,1.608,0,0.141,8.483,0,0.088,1.608
power_drill,142,1343,0,0.123,1.493,0,0.143,8.545,0,0.123,1.493
power_drill,143,1343,0,0.221,1.559,0,0.12,8.629,0,0.221,1.559
power_drill,144,1343,0,0.042,1.518,0,0.571,8.19,0,0.042,1.518
power_drill,145,1343,0,0.198,1.543,0,1.447,9.737,0,0.198,1.543
power_drill,146,1343,0,0.145,1.405,0,0.072,9.862,0,0.145,1.405
power_drill,147,1343,0,0.196,1.525,0,0.409,9.595,0,0.196,1.525
power_drill,148,1343,0,0.188,1.502,0,0.609,9.106,0,0.188,1.502
power_drill,149,1343,0,0.072,1.432,0,0.453,8.765,0,0.072,1.432
power_drill,150,1343,0,0.183,1.462,0,0.179,8.711,0,0.183,1.462
power_drill,151,1343,0,0.081,1.499,0,0.299,8.549,0,0.081,1.499
power_drill,152,1343,0,0.193,1.478,0,0.549,8.122,0,0.193,1.478
power_drill,153,1343,0,0.23,1.613,0,0.41,7.854,0,0.23,1.613
power_drill,154,1343,0,0.067,1.531,0,0.266,7.727,0,0.067,1.531
power_drill,155,1343,0,0.11,1.592,0,0.234,7.676,0,0.11,1.592
power_drill,156,1343,0,0.133,1.508,0,0.105,7.749,0,0.133,1.508
power_drill,157,1343,0,0.208,1.356,0,0.164,7.694,0,0.208,1.356
power_drill,158,1343,0,0.182,1.424,0,1.642,9.428,0,0.182,1.424
power_drill,159,1343,0,0.125,1.46,0,0.562,10.092,0,0.125,1.46
power_drill,160,1343,0,0.154,1.37,0,0.086,10.26,0,0.154,1.37
power_drill,161,1343,0,0.107,1.393,0,0.24,10.6,0,0.107,1.393
power_drill,162,1343,0,0.156,1.505,0,0.191,10.846,0,0.156,1.505
power_drill,163,1343,0,0.132,1.495,0,0.403,10.581,0,0.132,1.495
power_drill,164,1343,0,0.208,1.586,0,0.768,9.949,0,0.208,1.586
power_drill,165,1343,0,0.088,1.475,0,0.68,9.402,0,0.088,1.475
power_drill,166,1343,0,0.17,1.51,0,0.536,9.001,0,0.17,1.51
power_drill,167,1343,0,0.116,1.549,0,0.574,8.584,0,0.116,1.549
power_drill,168,1343,0,0.179,1.567,0,0.327,8.407,0,0.179,1.567
power_drill,169,1343,0,0.078,1.527,0,0.329,8.218,0,0.078,1.527
power_drill,170,1343,0,0.132,1.429,0,0.06,8.312,0,0.132,1.429
power_drill,171,1343,0,0.111,1.379,0,0.397,8.81,0,0.111,1.379
power_drill,172,1343,0,0.192,1.43,0,0.137,9.011,0,0.192,1.43
power_drill,173,1343,0,0.155,1.556,0,1.047,10.161,0,0.155,1.556
power_drill,174,1343,0,0.193,1.569,0,0.528,10.788,0,0.193,1.569
power_drill,175,1343,0,0.157,1.566,0,0.584,11.458,0,0.157,1.566
power_drill,176,1343,0,0.112,1.498,0,0.198,11.578,0,0.112,1.498
power_drill,177,1343,0,0.134,1.591,0,0.544,11.197,0,0.134,1.591
power_drill,178,1343,0,0.219,1.674,0,0.905,12.192,0,0.219,1.674
power_drill,179,1343,0,0.328,1.349,0,0.094,12.269,0,0.328,1.349
power_drill,180,1343,0,0.09,1.407,0,0.529,11.853,0,0.09,1.407
power_drill,181,1343,0,0.2,1.439,0,0.874,11.095,0,0.2,1.439
power_drill,182,1343,0,0.118,1.527,0,0.635,10.579,0,0.118,1.527
power_drill,183,1343,0,0.191,1.549,0,0.311,10.426,0,0.191,1.549
power_drill,184,1343,0,0.168,1.404,0,0.312,10.249,0,0.168,1.404
power_drill,185,1343,0,0.21,1.529,0,0.163,10.407,0,0.21,1.529
power_drill,186,1343,0,0.103,1.481,0,0.254,10.297,0,0.103,1.481
power_drill,187,1343,0,0.1,1.464,0,1.95,12.35,0,0.1,1.464
power_drill,188,1343,0,0.191,1.471,0,0.483,12.934,0,0.191,1.471
power_drill,189,1343,0,0.096,1.44,0,0.302,12.757,0,0.096,1.44
power_drill,190,1343,0,0.231,1.596,0,0.809,12.076,0,0.231,1.596
power_drill,191,1343,0,0.116,1.647,0,1.045,11.173,0,0.116,1.647
power_drill,192,1343,0,0.221,1.412,0,0.856,10.457,0,0.221,1.412
power_drill,193,1343,0,0.115,1.377,0,0.496,10.108,0,0.115,1.377
power_drill,194,1343,0,0.19,1.382,0,0.726,9.513,0,0.19,1.382
power_drill,195,1343,0,0.128,1.302,0,0.72,8.923,0,0.128,1.302
power_drill,196,1343,0,0.336,1.587,0,0.662,8.412,0,0.336,1.587
power_drill,197,1343,0,0.119,1.44,0,0.692,7.858,0,0.119,1.44
power_drill,198,1343,0,0.167,1.534,0,0.435,7.57,0,0.167,1.534
power_drill,199,1343,0,0.231,1.555,0,0.472,7.247,0,0.231,1.555
scissors,0,1503,0,0.0,0.764,0,0.0,1.009,0,0.0,0.764
scissors,1,1503,0,0.485,0.678,0,0.122,0.83,0,0.485,0.678
scissors,2,1503,0,0.486,0.635,0,0.223,0.801,0,0.486,0.635
scissors,3,1503,0,0.66,0.682,0,0.33,0.885,0,0.66,0.682
scissors,4,1503,0,0.729,0.773,0,0.432,0.955,0,0.729,0.773
scissors,5,1503,0,0.548,0.7,0,0.466,1.012,0,0.548,0.7
scissors,6,1503,0,0.551,0.684,0,0.48,1.102,0,0.551,0.684
scissors,7,1503,0,0.728,0.822,0,0.542,1.135,0,0.728,0.822
scissors,8,1503,0,0.537,0.718,0,0.539,1.184,0,0.537,0.718
scissors,9,1503,0,0.583,0.751,0,0.551,1.216,0,0.583,0.751
scissors,10,1503,0,0.663,0.737,0,0.583,1.209,0,0.663,0.737
scissors,11,1503,0,0.621,0.803,0,0.587,1.217,0,0.621,0.803
scissors,12,1503,0,0.639,0.791,0,0.606,1.194,0,0.639,0.791
scissors,13,1503,0,0.515,0.729,0,0.581,1.204,0,0.515,0.729
scissors,14,1503,0,0.627,0.776,0,0.589,1.211,0,0.627,0.776
scissors,15,1503,0,0.585,0.738,0,0.591,1.214,0,0.585,0.738
scissors,16,1503,0,0.573,0.734,0,0.585,1.228,0,0.573,0.734
scissors,17,1503,0,0.532,0.697,0,0.57,1.258,0,0.532,0.697
scissors,18,1503,0,0.65,0.721,0,0.591,1.264,0,0.65,0.721
scissors,19,1503,0,0.77,0.85,0,0.634,1.232,0,0.77,0.85
scissors,20,1503,0,0.494,0.751,0,0.598,1.233,0,0.494,0.751
scissors,21,1503,0,0.562,0.715,0,0.588,1.244,0,0.562,0.715
scissors,22,1503,0,0.703,0.783,0,0.63,1.238,0,0.703,0.783
scissors,23,1503,0,0.533,0.729,0,0.597,1.238,0,0.533,0.729
scissors,24,1503,0,0.443,0.696,0,0.553,1.285,0,0.443,0.696
scissors,25,1503,0,0.866,0.864,0,0.632,1.253,0,0.866,0.864
scissors,26,1503,0,0.501,0.72,0,0.598,1.258,0,0.501,0.72
scissors,27,1503,0,0.541,0.709,0,0.584,1.278,0,0.541,0.709
scissors,28,1503,0,0.618,0.669,0,0.592,1.289,0,0.618,0.669
scissors,29,1503,0,0.471,0.651,0,0.562,1.318,0,0.471,0.651
scissors,30,1503,0,0.744,0.694,0,0.605,1.309,0,0.744,0.694
scissors,31,1503,0,0.669,0.746,0,0.622,1.282,0,0.669,0.746
scissors,32,1503,0,0.508,0.632,0,0.594,1.286,0,0.508,0.632
scissors,33,1503,0,0.643,0.665,0,0.606,1.278,0,0.643,0.665
scissors,34,1503,0,0.705,0.806,0,0.629,1.25,0,0.705,0.806
scissors,35,1503,0,0.442,0.697,0,0.581,1.269,0,0.442,0.697
scissors,36,1503,0,0.639,0.74,0,0.596,1.277,0,0.639,0.74
scissors,37,1503,0,0.642,0.822,0,0.606,1.277,0,0.642,0.822
scissors,38,1503,0,0.599,0.806,0,0.605,1.269,0,0.599,0.806
scissors,39,1503,0,0.617,0.737,0,0.605,1.261,0,0.617,0.737
scissors,40,1503,0,0.567,0.728,0,0.596,1.264,0,0.567,0.728
scissors,41,1503,0,0.58,0.75,0,0.593,1.27,0,0.58,0.75
scissors,42,1503,0,0.625,0.763,0,0.6,1.271,0,0.625,0.763
scissors,43,1503,0,0.579,0.748,0,0.593,1.279,0,0.579,0.748
scissors,44,1503,0,0.685,0.786,0,0.621,1.263,0,0.685,0.786
scissors,45,1503,0,0.574,0.736,0,0.607,1.261,0,0.574,0.736
scissors,46,1503,0,0.576,0.735,0,0.598,1.264,0,0.576,0.735
scissors,47,1503,0,0.616,0.831,0,0.603,1.273,0,0.616,0.831
scissors,48,1503,0,0.648,0.681,0,0.604,1.277,0,0.648,0.681
scissors,49,1503,0,0.632,0.798,0,0.603,1.267,0,0.632,0.798
scissors,50,1503,0,0.53,0.698,0,0.585,1.283,0,0.53,0.698
scissors,51,1503,0,0.629,0.742,0,0.596,1.286,0,0.629,0.742
scissors,52,1503,0,0.678,0.844,0,0.617,1.265,0,0.678,0.844
scissors,53,1503,0,0.428,0.656,0,0.565,1.299,0,0.428,0.656
scissors,54,1503,0,0.761,0.768,0,0.621,1.295,0,0.761,0.768
scissors,55,1503,0,0.662,0.772,0,0.628,1.278,0,0.662,0.772
scissors,56,1503,0,0.544,0.676,0,0.607,1.261,0,0.544,0.676
scissors,57,1503,0,0.624,0.819,0,0.604,1.285,0,0.624,0.819
scissors,58,1503,0,0.738,0.727,0,0.625,1.289,0,0.738,0.727
scissors,59,1503,0,0.544,0.76,0,0.603,1.332,0,0.544,0.76
scissors,60,1503,0,0.53,0.739,0,0.578,1.356,0,0.53,0.739
scissors,61,1503,0,0.743,0.774,0,0.618,1.352,0,0.743,0.774
scissors,62,1503,0,0.547,0.749,0,0.601,1.366,0,0.547,0.749
scissors,63,1503,0,0.467,0.671,0,0.569,1.413,0,0.467,0.671
scissors,64,1503,0,0.741,0.71,0,0.609,1.401,0,0.741,0.71
scissors,65,1503,0,0.561,0.726,0,0.604,1.362,0,0.561,0.726
scissors,66,1503,0,0.523,0.618,0,0.585,1.347,0,0.523,0.618
scissors,67,1503,0,0.672,0.692,0,0.604,1.325,0,0.672,0.692
scissors,68,1503,0,0.599,0.714,0,0.599,1.318,0,0.599,0.714
scissors,69,1503,0,0.601,0.686,0,0.602,1.325,0,0.601,0.686
scissors,70,1503,0,0.628,0.748,0,0.606,1.312,0,0.628,0.748
scissors,71,1503,0,0.568,0.7,0,0.597,1.309,0,0.568,0.7
scissors,72,1503,0,0.58,0.68,0,0.595,1.305,0,0.58,0.68
scissors,73,1503,0,0.571,0.7,0,0.586,1.318,0,0.571,0.7
scissors,74,1503,0,0.788,0.797,0,0.64,1.294,0,0.788,0.797
scissors,75,1503,0,0.428,0.736,0,0.582,1.318,0,0.428,0.736
scissors,76,1503,0,0.676,0.782,0,0.617,1.345,0,0.676,0.782
scissors,77,1503,0,0.621,0.708,0,0.606,1.343,0,0.621,0.708
scissors,78,1503,0,0.637,0.773,0,0.613,1.337,0,0.637,0.773
scissors,79,1503,0,0.54,0.755,0,0.599,1.366,0,0.54,0.755
scissors,80,1503,0,0.807,0.874,0,0.651,1.349,0,0.807,0.874
scissors,81,1503,0,0.386,0.722,0,0.582,1.376,0,0.386,0.722
scissors,82,1503,0,0.726,0.814,0,0.619,1.374,0,0.726,0.814
scissors,83,1503,0,0.467,0.725,0,0.58,1.377,0,0.467,0.725
scissors,84,1503,0,0.644,0.717,0,0.598,1.354,0,0.644,0.717
scissors,85,1503,0,0.65,0.762,0,0.61,1.331,0,0.65,0.762
scissors,86,1503,0,0.588,0.814,0,0.603,1.314,0,0.588,0.814
scissors,87,1503,0,0.536,0.769,0,0.585,1.33,0,0.536,0.769
scissors,88,1503,0,0.707,0.841,0,0.618,1.334,0,0.707,0.841
scissors,89,1503,0,0.478,0.684,0,0.58,1.36,0,0.478,0.684
scissors,90,1503,0,30.507,0.662,0,8.057,23.756,0,30.507,0.662
scissors,91,1503,0,0.637,0.639,0,6.205,18.15,0,0.637,0.639
scissors,92,1503,0,0.618,0.682,0,4.806,13.943,0,0.618,0.682
scissors,93,1503,0,0.519,0.663,0,3.736,10.807,0,0.519,0.663
scissors,94,1503,0,0.714,0.716,0,2.979,8.427,0,0.714,0.716
scissors,95,1503,0,0.597,0.7,0,2.386,6.642,0,0.597,0.7
scissors,96,1503,0,0.554,0.689,0,1.927,5.315,0,0.554,0.689
scissors,97,1503,0,0.803,0.783,0,1.646,4.271,0,0.803,0.783
scissors,98,1503,0,0.394,0.66,0,1.33,3.54,0,0.394,0.66
scissors,99,1503,0,0.734,0.765,0,1.183,2.956,0,0.734,0.765
scissors,100,1503,0,0.566,0.807,0,1.024,2.533,0,0.566,0.807
scissors,101,1503,0,0.576,0.731,0,0.91,2.222,0,0.576,0.731
scissors,102,1503,0,0.597,0.722,0,0.832,1.989,0,0.597,0.722
scissors,103,1503,0,0.532,0.643,0,0.76,1.833,0,0.532,0.643
scissors,104,1503,0,0.634,0.673,0,0.729,1.702,0,0.634,0.673
scissors,105,1503,0,0.661,0.679,0,0.712,1.589,0,0.661,0.679
scissors,106,1503,0,0.643,0.81,0,0.687,1.502,0,0.643,0.81
scissors,107,1503,0,0.562,0.755,0,0.655,1.448,0,0.562,0.755
scissors,108,1503,0,0.585,0.717,0,0.637,1.413,0,0.585,0.717
scissors,109,1503,0,0.718,0.79,0,0.658,1.353,0,0.718,0.79
scissors,110,1503,0,0.474,0.719,0,0.612,1.343,0,0.474,0.719
scissors,111,1503,1,179.458,0.688,0,44.407,46.348,0,0.542,0.688
scissors,112,1503,1,179.335,0.743,0,11.861,35.087,0,0.665,0.743
scissors,113,1503,0,0.816,0.8,0,9.096,26.591,0,0.816,0.8
scissors,114,1503,0,0.37,0.654,0,6.912,20.279,0,0.37,0.654
scissors,115,1503,1,179.37,0.703,0,39.661,60.539,0,0.63,0.703
scissors,116,1503,0,0.572,0.658,0,29.601,89.261,0,0.572,0.658
scissors,117,1503,0,0.69,0.742,0,22.029,66.632,0,0.69,0.742
scissors,118,1503,0,0.574,0.713,0,16.378,49.655,0,0.574,0.713
scissors,119,1503,0,0.61,0.717,0,12.131,36.925,0,0.61,0.717
scissors,120,1503,0,0.5,0.663,0,8.974,27.353,0,0.5,0.663
scissors,121,1503,0,0.781,0.728,0,6.537,20.217,0,0.781,0.728
scissors,122,1503,0,0.581,0.774,0,4.759,14.859,0,0.581,0.774
scissors,123,1503,0,0.542,0.723,0,3.435,10.826,0,0.542,0.723
scissors,124,1503,0,0.644,0.754,0,2.416,7.813,0,0.644,0.754
scissors,125,1503,0,0.567,0.689,0,1.671,5.545,0,0.567,0.689
scissors,126,1503,0,0.589,0.739,0,1.108,3.841,0,0.589,0.739
scissors,127,1503,0,0.603,0.697,0,0.68,2.563,0,0.603,0.697
scissors,128,1503,0,0.65,0.76,0,0.352,1.623,0,0.65,0.76
scissors,129,1503,0,0.554,0.692,0,0.168,0.94,0,0.554,0.692
scissors,130,1503,0,0.59,0.691,0,0.063,0.476,0,0.59,0.691
scissors,131,1503,0,0.575,0.697,0,0.188,0.295,0,0.575,0.697
scissors,132,1503,0,0.684,0.732,0,0.31,0.449,0,0.684,0.732
scissors,133,1503,0,0.586,0.728,0,0.379,0.641,0,0.586,0.728
scissors,134,1503,0,0.664,0.815,0,0.449,0.784,0,0.664,0.815
scissors,135,1503,0,0.507,0.705,0,0.463,0.92,0,0.507,0.705
scissors,136,1503,0,0.682,0.758,0,0.518,1.005,0,0.682,0.758
scissors,137,1503,0,0.53,0.753,0,0.518,1.078,0,0.53,0.753
scissors,138,1503,0,0.659,0.777,0,0.555,1.107,0,0.659,0.777
scissors,139,1503,0,0.545,0.719,0,0.555,1.141,0,0.545,0.719
scissors,140,1503,0,0.632,0.719,0,0.572,1.164,0,0.632,0.719
scissors,141,1503,0,0.507,0.712,0,0.553,1.21,0,0.507,0.712
scissors,142,1503,0,0.609,0.691,0,0.57,1.243,0,0.609,0.691
scissors,143,1503,0,0.654,0.737,0,0.588,1.253,0,0.654,0.737
scissors,144,1503,0,0.632,0.76,0,0.605,1.254,0,0.632,0.76
scissors,145,1503,0,0.531,0.612,0,0.586,1.281,0,0.531,0.612
scissors,146,1503,0,0.643,0.702,0,0.603,1.303,0,0.643,0.702
scissors,147,1503,0,0.661,0.765,0,0.621,1.32,0,0.661,0.765
scissors,148,1503,0,0.518,0.699,0,0.6,1.372,0,0.518,0.699
scissors,149,1503,0,0.662,0.742,0,0.619,1.42,0,0.662,0.742
scissors,150,1503,0,0.459,0.618,0,0.578,1.502,0,0.459,0.618
scissors,151,1503,0,0.794,0.801,0,0.632,1.533,0,0.794,0.801
scissors,152,1503,0,0.537,0.691,0,0.604,1.575,0,0.537,0.691
scissors,153,1503,0,0.495,0.664,0,0.573,1.591,0,0.495,0.664
scissors,154,1503,0,0.7,0.783,0,0.606,1.568,0,0.7,0.783
scissors,155,1503,0,0.512,0.681,0,0.58,1.586,0,0.512,0.681
scissors,156,1503,0,0.596,0.683,0,0.587,1.568,0,0.596,0.683
scissors,157,1503,0,0.629,0.728,0,0.598,1.545,0,0.629,0.728
scissors,158,1503,0,0.691,0.743,0,0.624,1.485,0,0.691,0.743
scissors,159,1503,0,0.725,0.845,0,0.653,1.398,0,0.725,0.845
scissors,160,1503,0,0.4,0.692,0,0.584,1.41,0,0.4,0.692
scissors,161,1503,0,0.725,0.726,0,0.623,1.36,0,0.725,0.726
scissors,162,1503,0,0.516,0.724,0,0.591,1.384,0,0.516,0.724
scissors,163,1503,0,0.629,0.738,0,0.601,1.402,0,0.629,0.738
scissors,164,1503,0,0.662,0.789,0,0.616,1.373,0,0.662,0.789
scissors,165,1503,0,0.462,0.638,0,0.58,1.366,0,0.462,0.638
scissors,166,1503,0,0.63,0.668,0,0.598,1.342,0,0.63,0.668
scissors,167,1503,0,0.686,0.772,0,0.618,1.308,0,0.686,0.772
scissors,168,1503,0,0.593,0.667,0,0.61,1.287,0,0.593,0.667
scissors,169,1503,0,0.585,0.719,0,0.596,1.287,0,0.585,0.719
scissors,170,1503,0,0.621,0.731,0,0.603,1.281,0,0.621,0.731
scissors,171,1503,0,0.597,0.695,0,0.602,1.278,0,0.597,0.695
scissors,172,1503,0,0.588,0.737,0,0.596,1.284,0,0.588,0.737
scissors,173,1503,0,0.596,0.695,0,0.598,1.283,0,0.596,0.695
scissors,174,1503,0,0.656,0.759,0,0.612,1.273,0,0.656,0.759
scissors,175,1503,0,0.537,0.779,0,0.599,1.295,0,0.537,0.779
scissors,176,1503,0,0.578,0.7,0,0.588,1.317,0,0.578,0.7
scissors,177,1503,0,0.797,0.854,0,0.641,1.289,0,0.797,0.854
scissors,178,1503,0,0.518,0.827,0,0.611,1.296,0,0.518,0.827
scissors,179,1503,0,0.524,0.735,0,0.586,1.312,0,0.524,0.735
scissors,180,1503,0,0.698,0.78,0,0.617,1.317,0,0.698,0.78
scissors,181,1503,0,0.483,0.65,0,0.581,1.328,0,0.483,0.65
scissors,182,1503,0,0.714,0.773,0,0.613,1.321,0,0.714,0.773
scissors,183,1503,0,0.502,0.759,0,0.589,1.364,0,0.502,0.759
scissors,184,1503,0,0.614,0.825,0,0.595,1.403,0,0.614,0.825
scissors,185,1503,0,0.713,0.772,0,0.622,1.422,0,0.713,0.772
scissors,186,1503,0,0.692,0.898,0,0.635,1.407,0,0.692,0.898
scissors,187,1503,0,0.513,0.8,0,0.604,1.383,0,0.513,0.8
scissors,188,1503,0,0.59,0.737,0,0.6,1.362,0,0.59,0.737
scissors,189,1503,0,0.452,0.698,0,0.559,1.389,0,0.452,0.698
scissors,190,1503,0,0.802,0.823,0,0.62,1.363,0,0.802,0.823
scissors,191,1503,0,0.461,0.687,0,0.58,1.399,0,0.461,0.687
scissors,192,1503,0,0.605,0.731,0,0.589,1.443,0,0.605,0.731
scissors,193,1503,0,0.679,0.767,0,0.61,1.417,0,0.679,0.767
scissors,194,1503,0,0.538,0.683,0,0.592,1.404,0,0.538,0.683
scissors,195,1503,0,0.624,0.735,0,0.604,1.441,0,0.624,0.735
scissors,196,1503,0,0.588,0.769,0,0.601,1.486,0,0.588,0.769
scissors,197,1503,0,0.546,0.677,0,0.582,1.514,0,0.546,0.677
scissors,198,1503,0,0.697,0.717,0,0.612,1.484,0,0.697,0.717
scissors,199,1503,0,0.592,0.732,0,0.61,1.441,0,0.592,0.732
medium_clamp,0,1511,0,0.0,6.179,0,0.0,6.788,0,0.0,6.179
medium_clamp,1,1511,0,0.941,6.455,0,0.331,6.356,0,0.941,6.455
medium_clamp,2,1511,0,0.045,5.934,0,0.178,6.027,0,0.045,5.934
medium_clamp,3,1511,0,1.687,6.957,0,0.543,6.01,0,1.687,6.957
medium_clamp,4,1511,0,0.942,7.308,0,0.685,6.199,0,13.068,6.966
medium_clamp,5,1511,0,0.879,7.586,0,0.731,6.207,0,14.887,7.586
medium_clamp,6,1511,0,0.651,6.415,0,0.563,5.825,0,0.651,6.415
medium_clamp,7,1511,0,1.32,7.135,0,0.758,5.654,0,1.32,7.135
medium_clamp,8,1511,0,0.338,6.239,0,0.495,5.336,0,0.338,6.239
medium_clamp,9,1511,0,0.947,6.541,0,0.514,5.265,0,70.982,65.546
medium_clamp,10,1511,1,179.32,6.632,0,44.446,40.264,0,72.594,6.632
medium_clamp,11,1511,0,0.919,6.933,0,33.103,73.927,0,0.919,6.933
medium_clamp,12,1511,0,0.411,6.775,0,24.73,80.762,0,0.411,6.775
medium_clamp,13,1511,0,0.114,6.284,0,18.523,61.656,0,0.114,6.284
medium_clamp,14,1511,0,0.804,6.44,0,13.697,47.369,0,35.653,41.183
medium_clamp,15,1511,0,0.755,6.608,0,10.083,36.695,0,34.114,6.608
medium_clamp,16,1511,0,1.095,7.116,0,7.29,28.819,0,1.095,7.116
medium_clamp,17,1511,0,0.272,6.349,0,5.505,22.727,0,0.272,6.349
medium_clamp,18,1511,0,1.202,6.941,0,3.83,18.307,0,1.202,6.941
medium_clamp,19,1511,0,0.387,6.751,0,2.787,14.93,0,45.991,39.784
medium_clamp,20,1511,0,1.297,7.408,0,1.768,12.596,0,47.638,7.408
medium_clamp,21,1511,0,0.144,6.883,0,1.304,10.719,0,0.144,6.883
medium_clamp,22,1511,0,0.087,6.356,0,1.055,9.257,0,0.087,6.356
medium_clamp,23,1511,0,1.241,6.982,0,0.422,8.281,0,1.241,6.982
medium_clamp,24,1511,0,0.504,6.903,0,0.237,7.491,0,25.521,19.301
medium_clamp,25,1511,0,0.183,6.333,0,0.191,6.831,0,26.063,6.333
medium_clamp,26,1511,0,1.332,7.077,0,0.241,6.476,0,1.332,7.077
medium_clamp,27,1511,0,0.915,7.356,0,0.407,6.322,0,0.915,7.356
medium_clamp,28,1511,0,0.186,6.963,0,0.356,6.07,0,0.186,6.963
medium_clamp,29,1511,0,0.168,6.534,0,0.299,5.802,0,26.019,19.8
medium_clamp,30,1511,0,1.617,7.575,0,0.658,5.777,0,27.783,7.575
medium_clamp,31,1511,0,0.277,7.235,0,0.548,5.694,0,0.277,7.235
medium_clamp,32,1511,0,0.044,6.693,0,0.411,5.517,0,0.044,6.693
medium_clamp,33,1511,0,1.178,7.251,0,0.603,5.517,0,1.178,7.251
medium_clamp,34,1511,0,0.472,7.136,0,0.57,5.516,0,30.715,37.268
medium_clamp,35,1511,0,0.135,6.694,0,0.49,5.341,0,30.127,6.694
medium_clamp,36,1511,0,0.229,6.247,0,0.385,5.138,0,0.229,6.247
medium_clamp,37,1511,0,1.634,7.298,0,0.694,5.246,0,1.634,7.298
medium_clamp,38,1511,0,0.213,6.756,0,0.619,5.125,0,0.213,6.756
medium_clamp,39,1511,0,1.085,7.264,0,0.837,5.125,0,24.106,30.165
medium_clamp,40,1511,0,0.262,6.958,0,0.574,5.095,0,22.771,6.958
medium_clamp,41,1511,0,0.82,7.102,0,0.635,5.149,0,0.82,7.102
medium_clamp,42,1511,0,0.085,6.605,0,0.496,5.02,0,0.085,6.605
medium_clamp,43,1511,0,1.68,7.669,0,0.891,5.161,0,1.68,7.669
medium_clamp,44,1511,0,0.159,7.022,0,0.69,5.131,0,20.967,27.928
medium_clamp,45,1511,0,0.194,6.263,0,0.509,4.934,0,21.207,6.263
medium_clamp,46,1511,0,0.708,6.395,0,0.499,4.832,0,0.708,6.395
medium_clamp,47,1511,0,0.836,6.661,0,0.657,4.79,0,0.836,6.661
medium_clamp,48,1511,0,1.028,7.047,0,0.774,4.886,0,1.028,7.047
medium_clamp,49,1511,0,0.578,7.056,0,0.714,4.981,0,47.25,40.992
medium_clamp,50,1511,0,0.569,6.934,0,0.749,5.092,0,48.335,6.934
medium_clamp,51,1511,0,0.249,6.598,0,0.629,5.134,0,0.249,6.598
medium_clamp,52,1511,0,0.963,6.948,0,0.747,5.328,0,0.963,6.948
medium_clamp,53,1511,0,1.265,7.607,0,0.823,5.617,0,1.265,7.607
medium_clamp,54,1511,0,1.288,5.783,0,0.27,5.328,0,42.312,49.215
medium_clamp,55,1511,0,1.562,6.715,0,0.625,5.26,0,42.04,6.715
medium_clamp,56,1511,0,0.757,6.89,0,0.648,5.259,0,0.757,6.89
medium_clamp,57,1511,0,0.112,6.434,0,0.52,5.249,0,0.112,6.434
medium_clamp,58,1511,0,0.968,6.756,0,0.619,5.314,0,0.968,6.756
medium_clamp,59,1511,0,1.07,7.235,0,0.736,5.417,0,28.988,35.031
medium_clamp,60,1511,0,0.481,7.079,0,0.798,5.312,0,27.463,7.079
medium_clamp,61,1511,0,0.572,7.071,0,0.813,5.208,0,0.572,7.071
medium_clamp,62,1511,0,0.737,7.238,0,0.788,5.184,0,0.737,7.238
medium_clamp,63,1511,0,1.391,8.002,0,1.002,5.367,0,1.391,8.002
medium_clamp,64,1511,0,0.972,6.459,0,0.765,5.163,0,72.705,79.972
medium_clamp,65,1511,0,1.211,7.084,0,0.86,5.237,0,72.452,7.084
medium_clamp,66,1511,0,0.254,6.305,0,0.431,5.07,0,0.254,6.305
medium_clamp,67,1511,0,1.223,6.924,0,0.598,5.071,0,1.223,6.924
medium_clamp,68,1511,0,0.386,6.013,0,0.507,4.789,0,0.386,6.013
medium_clamp,69,1511,0,1.725,7.101,0,0.81,4.878,0,27.898,33.158
medium_clamp,70,1511,0,0.134,6.4,0,0.546,4.789,0,26.309,6.4
medium_clamp,71,1511,0,0.582,6.385,0,0.594,4.751,0,0.582,6.385
medium_clamp,72,1511,0,0.777,6.567,0,0.675,4.82,0,0.777,6.567
medium_clamp,73,1511,0,1.03,7.014,0,0.69,4.918,0,1.03,7.014
medium_clamp,74,1511,0,0.64,7.026,0,0.697,4.967,0,71.278,77.536
medium_clamp,75,1511,0,0.983,7.403,0,0.891,5.038,0,69.672,7.403
medium_clamp,76,1511,0,0.198,6.657,0,0.569,5.013,0,0.198,6.657
medium_clamp,77,1511,0,0.472,6.559,0,0.558,4.988,0,0.472,6.559
medium_clamp,78,1511,0,0.859,6.817,0,0.67,5.083,0,0.859,6.817
medium_clamp,79,1511,0,2.031,8.189,0,0.962,5.481,0,35.735,29.694
medium_clamp,80,1511,0,1.013,6.652,0,0.483,5.334,0,36.75,6.652
medium_clamp,81,1511,0,0.382,6.456,0,0.453,5.15,0,0.382,6.456
medium_clamp,82,1511,0,1.404,7.17,0,0.714,5.166,0,1.404,7.17
medium_clamp,83,1511,0,0.222,6.395,0,0.557,4.954,0,0.222,6.395
medium_clamp,84,1511,0,1.281,6.991,0,0.714,4.962,0,18.814,24.464
medium_clamp,85,1511,0,0.202,6.484,0,0.509,4.853,0,17.542,6.484
medium_clamp,86,1511,0,0.965,6.759,0,0.605,4.862,0,0.965,6.759
medium_clamp,87,1511,0,0.311,6.447,0,0.543,4.82,0,0.311,6.447
medium_clamp,88,1511,0,1.135,7.004,0,0.672,4.897,0,1.135,7.004
medium_clamp,89,1511,0,0.183,6.276,0,0.482,4.744,0,27.581,21.347
medium_clamp,90,1511,1,149.745,6.285,0,37.089,62.773,0,57.654,6.285
medium_clamp,91,1511,0,1.281,6.937,0,27.493,89.147,0,1.281,6.937
medium_clamp,92,1511,0,0.332,6.697,0,20.528,68.032,0,0.332,6.697
medium_clamp,93,1511,0,0.781,6.876,0,15.2,52.241,0,0.781,6.876
medium_clamp,94,1511,0,1.152,7.389,0,11.12,40.532,0,64.163,58.021
medium_clamp,95,1511,1,179.665,7.131,0,36.751,76.687,0,65.632,7.131
medium_clamp,96,1511,0,0.825,7.381,0,27.785,76.128,0,0.825,7.381
medium_clamp,97,1511,0,0.016,6.825,0,20.836,55.888,0,0.016,6.825
medium_clamp,98,1511,0,0.358,5.911,0,15.548,40.936,0,0.358,5.911
medium_clamp,99,1511,0,2.123,7.422,0,12.194,29.339,0,26.994,32.187
medium_clamp,100,1511,0,0.253,6.663,0,9.118,20.816,0,25.021,6.663
medium_clamp,101,1511,0,0.315,6.401,0,6.909,14.503,0,0.315,6.401
medium_clamp,102,1511,0,1.106,6.935,0,5.446,9.658,0,1.106,6.935
medium_clamp,103,1511,0,0.24,6.232,0,4.077,6.178,0,0.24,6.232
medium_clamp,104,1511,0,1.473,7.063,0,3.421,3.353,0,10.461,5.152
medium_clamp,105,1511,0,0.441,6.897,0,2.649,1.32,0,12.287,6.897
medium_clamp,106,1511,1,178.65,7.545,0,42.684,44.572,0,1.35,7.545
medium_clamp,107,1511,0,0.713,6.31,0,32.189,77.355,0,0.713,6.31
medium_clamp,108,1511,0,1.228,6.929,0,23.833,78.223,0,1.228,6.929
medium_clamp,109,1511,0,0.446,6.755,0,17.772,59.878,0,32.3,38.502
medium_clamp,110,1511,0,0.474,6.659,0,13.218,46.097,0,31.406,6.659
medium_clamp,111,1511,0,0.265,6.247,0,9.856,35.665,0,0.265,6.247
medium_clamp,112,1511,0,1.216,6.889,0,7.089,27.992,0,1.216,6.889
medium_clamp,113,1511,0,0.406,6.543,0,5.247,22.154,0,0.406,6.543
medium_clamp,114,1511,0,1.309,7.259,0,3.607,17.956,0,52.018,46.215
medium_clamp,115,1511,0,0.347,6.359,0,2.795,14.586,0,52.982,6.359
medium_clamp,116,1511,0,1.298,7.066,0,1.772,12.24,0,1.298,7.066
medium_clamp,117,1511,0,0.275,6.652,0,1.293,10.407,0,0.275,6.652
medium_clamp,118,1511,0,0.922,6.987,0,0.728,9.104,0,0.922,6.987
medium_clamp,119,1511,0,0.858,7.224,0,0.339,8.185,0,4.832,11.156
medium_clamp,120,1511,0,0.292,6.942,0,0.406,7.364,0,3.706,6.942
medium_clamp,121,1511,0,0.384,5.995,0,0.313,6.523,0,0.384,5.995
medium_clamp,122,1511,0,1.298,6.691,0,0.246,6.066,0,1.298,6.691
medium_clamp,123,1511,0,0.115,6.209,0,0.162,5.635,0,0.115,6.209
medium_clamp,124,1511,0,1.18,6.792,0,0.432,5.426,0,18.374,12.992
medium_clamp,125,1511,0,0.822,7.029,0,0.523,5.365,0,20.376,7.029
medium_clamp,126,1511,0,1.394,7.802,0,0.795,5.566,0,1.394,7.802
medium_clamp,127,1511,0,0.129,7.306,0,0.733,5.672,0,0.129,7.306
medium_clamp,128,1511,0,0.231,6.965,0,0.563,5.674,0,0.231,6.965
medium_clamp,129,1511,0,0.276,6.633,0,0.431,5.539,0,3.629,2.931
medium_clamp,130,1511,0,0.83,6.872,0,0.539,5.451,0,4.718,6.872
medium_clamp,131,1511,0,0.901,7.178,0,0.64,5.433,0,0.901,7.178
medium_clamp,132,1511,0,0.382,6.887,0,0.613,5.314,0,0.382,6.887
medium_clamp,133,1511,0,0.574,6.86,0,0.591,5.224,0,0.574,6.86
medium_clamp,134,1511,0,0.561,6.835,0,0.59,5.253,0,16.027,9.963
medium_clamp,135,1511,0,0.761,7.008,0,0.632,5.22,0,17.349,7.008
medium_clamp,136,1511,0,0.137,6.516,0,0.489,5.098,0,0.137,6.516
medium_clamp,137,1511,0,0.836,6.746,0,0.577,5.11,0,0.836,6.746
medium_clamp,138,1511,0,0.332,6.212,0,0.422,4.974,0,0.332,6.212
medium_clamp,139,1511,0,0.707,6.275,0,0.498,4.846,0,76.776,82.185
medium_clamp,140,1511,0,1.214,6.759,0,0.66,4.945,0,74.933,6.759
medium_clamp,141,1511,0,0.428,6.581,0,0.581,4.923,0,0.428,6.581
medium_clamp,142,1511,0,1.253,7.248,0,0.748,5.065,0,1.253,7.248
medium_clamp,143,1511,0,0.104,6.723,0,0.582,5.086,0,0.104,6.723
medium_clamp,144,1511,0,1.099,7.139,0,0.731,5.272,0,37.897,31.964
medium_clamp,145,1511,0,0.719,7.278,0,0.701,5.388,0,39.679,7.278
medium_clamp,146,1511,0,0.415,6.3,0,0.423,5.24,0,0.415,6.3
medium_clamp,147,1511,0,1.508,7.209,0,0.706,5.394,0,1.508,7.209
medium_clamp,148,1511,0,0.28,6.827,0,0.669,5.54,0,0.28,6.827
medium_clamp,149,1511,0,0.644,6.888,0,0.627,5.646,0,84.487,78.388
medium_clamp,150,1511,0,0.075,6.274,0,0.562,5.357,0,85.102,6.274
medium_clamp,151,1511,0,2.114,7.776,0,0.908,5.481,0,2.114,7.776
medium_clamp,152,1511,0,0.699,6.506,0,0.482,5.421,0,0.699,6.506
medium_clamp,153,1511,0,0.137,5.801,0,0.497,5.026,0,0.137,5.801
medium_clamp,154,1511,0,1.746,6.912,0,0.687,5.063,0,79.782,74.744
medium_clamp,155,1511,0,0.966,7.27,0,0.749,5.208,0,82.489,7.27
medium_clamp,156,1511,0,0.735,6.053,0,0.387,5.0,0,0.735,6.053
medium_clamp,157,1511,0,1.561,7.04,0,0.679,5.118,0,1.561,7.04
medium_clamp,158,1511,0,0.881,7.269,0,0.887,5.457,0,0.881,7.269
medium_clamp,159,1511,0,0.269,6.651,0,0.676,5.619,0,30.204,23.737
medium_clamp,160,1511,0,0.09,6.159,0,0.576,5.705,0,30.275,6.159
medium_clamp,161,1511,0,1.689,7.187,0,0.774,5.984,0,1.689,7.187
medium_clamp,162,1511,0,0.375,6.244,0,0.459,5.923,0,0.375,6.244
medium_clamp,163,1511,0,1.125,6.794,0,0.632,5.925,0,1.125,6.794
medium_clamp,164,1511,0,0.815,7.016,0,0.676,6.001,0,31.24,37.306
medium_clamp,165,1511,0,0.527,6.858,0,0.635,6.099,0,29.956,6.858
medium_clamp,166,1511,0,0.2,6.414,0,0.61,5.809,0,0.2,6.414
medium_clamp,167,1511,0,0.724,6.543,0,0.55,5.717,0,0.724,6.543
medium_clamp,168,1511,0,0.704,6.628,0,0.656,5.553,0,0.704,6.628
medium_clamp,169,1511,0,0.567,6.555,0,0.621,5.429,0,67.304,61.439
medium_clamp,170,1511,0,0.836,6.802,0,0.862,5.214,0,68.683,6.802
medium_clamp,171,1511,0,0.645,5.599,0,0.684,4.739,0,0.645,5.599
medium_clamp,172,1511,0,1.294,6.302,0,0.696,4.584,0,1.294,6.302
medium_clamp,173,1511,0,1.856,7.528,0,0.889,4.895,0,1.856,7.528
medium_clamp,174,1511,0,0.119,6.97,0,0.665,4.989,0,18.615,11.913
medium_clamp,175,1511,0,0.529,6.794,0,0.648,5.085,0,19.064,6.794
medium_clamp,176,1511,0,0.59,6.791,0,0.709,5.245,0,0.59,6.791
medium_clamp,177,1511,0,0.262,6.437,0,0.745,5.433,0,0.262,6.437
medium_clamp,178,1511,0,1.643,7.482,0,0.796,5.667,0,1.643,7.482
medium_clamp,179,1511,0,0.315,7.094,0,0.653,5.695,0,18.431,11.727
medium_clamp,180,1511,0,0.791,7.308,0,0.71,5.897,0,19.423,7.308
medium_clamp,181,1511,0,0.375,7.075,0,0.637,6.037,0,0.375,7.075
medium_clamp,182,1511,0,0.102,6.566,0,0.472,5.943,0,0.102,6.566
medium_clamp,183,1511,0,0.838,6.831,0,0.57,5.892,0,0.838,6.831
medium_clamp,184,1511,0,0.322,6.37,0,0.513,5.683,0,3.439,9.567
medium_clamp,185,1511,0,1.151,6.893,0,0.677,5.625,0,2.112,6.893
medium_clamp,186,1511,0,0.47,6.76,0,0.598,5.616,0,0.47,6.76
medium_clamp,187,1511,0,0.771,6.958,0,0.632,5.679,0,0.771,6.958
medium_clamp,188,1511,0,0.181,6.22,0,0.448,5.621,0,0.181,6.22
medium_clamp,189,1511,0,0.787,6.406,0,0.526,5.644,0,86.243,80.805
medium_clamp,190,1511,0,1.253,7.007,0,0.72,5.85,0,88.268,7.007
medium_clamp,191,1511,0,0.31,6.128,0,0.476,5.857,0,0.31,6.128
medium_clamp,192,1511,0,1.753,7.286,0,0.772,5.986,0,1.753,7.286
medium_clamp,193,1511,0,0.287,6.442,0,0.511,5.936,0,0.287,6.442
medium_clamp,194,1511,0,0.471,6.333,0,0.607,5.675,0,4.069,9.874
medium_clamp,195,1511,0,1.569,7.287,0,0.765,5.852,0,2.031,7.287
medium_clamp,196,1511,0,0.181,6.535,0,0.54,5.764,0,0.181,6.535
medium_clamp,197,1511,0,0.647,6.578,0,0.564,5.705,0,0.647,6.578
medium_clamp,198,1511,0,0.83,6.839,0,0.657,5.63,0,0.83,6.839
medium_clamp,199,1511,0,0.509,6.64,0,0.599,5.535,0,82.19,76.132
